/*
Navicat MySQL Data Transfer

Source Server         : local
Source Server Version : 50128
Source Host           : localhost:3306
Source Database       : authordesign

Target Server Type    : MYSQL
Target Server Version : 50128
File Encoding         : 65001

Date: 2015-12-04 08:42:41
*/

SET FOREIGN_KEY_CHECKS=0;

-- ----------------------------
-- Table structure for `actiontopages`
-- ----------------------------
DROP TABLE IF EXISTS `actiontopages`;
CREATE TABLE `actiontopages` (
  `Id` int(11) NOT NULL AUTO_INCREMENT,
  `PageId` int(11) DEFAULT NULL,
  `ActionList` varchar(255) DEFAULT NULL,
  `IsDelete` tinyint(1) NOT NULL,
  PRIMARY KEY (`Id`)
) ENGINE=InnoDB AUTO_INCREMENT=7 DEFAULT CHARSET=utf8;

-- ----------------------------
-- Records of actiontopages
-- ----------------------------
INSERT INTO `actiontopages` VALUES ('1', '1', '2', '0');
INSERT INTO `actiontopages` VALUES ('2', '2', '2,5,6,7,1,3,4', '0');
INSERT INTO `actiontopages` VALUES ('3', '4', '2,5,6,7,3,4', '0');
INSERT INTO `actiontopages` VALUES ('4', '3', '2', '0');
INSERT INTO `actiontopages` VALUES ('5', '6', '2,5,6,7,1,3', '0');
INSERT INTO `actiontopages` VALUES ('6', '5', '5,6,7,1', '0');

-- ----------------------------
-- Table structure for `adminloginlogs`
-- ----------------------------
DROP TABLE IF EXISTS `adminloginlogs`;
CREATE TABLE `adminloginlogs` (
  `AdminLoginLogId` int(11) NOT NULL AUTO_INCREMENT,
  `AdminId` int(11) DEFAULT NULL,
  `AdminLoginAddress` varchar(50) DEFAULT NULL,
  `AdminLoginIP` varchar(50) DEFAULT NULL,
  `AdminLoginTime` timestamp NOT NULL DEFAULT CURRENT_TIMESTAMP ON UPDATE CURRENT_TIMESTAMP,
  `AdminLoginInfo` varchar(50) DEFAULT NULL,
  PRIMARY KEY (`AdminLoginLogId`)
) ENGINE=InnoDB AUTO_INCREMENT=42 DEFAULT CHARSET=utf8;

-- ----------------------------
-- Records of adminloginlogs
-- ----------------------------
INSERT INTO `adminloginlogs` VALUES ('1', '1', '', '::1', '2015-12-01 09:52:24', 'Chrome43.0');
INSERT INTO `adminloginlogs` VALUES ('2', '1', '', '::1', '2015-12-01 09:52:28', 'Chrome43.0');
INSERT INTO `adminloginlogs` VALUES ('3', '1', '', '::1', '2015-12-01 09:56:55', 'Chrome43.0');
INSERT INTO `adminloginlogs` VALUES ('4', '4', '', '::1', '2015-12-01 09:57:29', 'Chrome43.0');
INSERT INTO `adminloginlogs` VALUES ('5', '2', '', '::1', '2015-12-01 09:57:51', 'Chrome43.0');
INSERT INTO `adminloginlogs` VALUES ('6', '1', '', '::1', '2015-12-01 09:58:01', 'Chrome43.0');
INSERT INTO `adminloginlogs` VALUES ('7', '4', '', '::1', '2015-12-01 09:59:38', 'Chrome43.0');
INSERT INTO `adminloginlogs` VALUES ('8', '2', '', '::1', '2015-12-01 10:05:24', 'Chrome43.0');
INSERT INTO `adminloginlogs` VALUES ('9', '1', '', '::1', '2015-12-01 10:07:02', 'Chrome43.0');
INSERT INTO `adminloginlogs` VALUES ('10', '4', '', '::1', '2015-12-01 10:07:46', 'Chrome43.0');
INSERT INTO `adminloginlogs` VALUES ('11', '1', '', '::1', '2015-12-01 10:08:55', 'Firefox39.0');
INSERT INTO `adminloginlogs` VALUES ('12', '4', '', '::1', '2015-12-01 10:29:55', 'IE10.0');
INSERT INTO `adminloginlogs` VALUES ('13', '4', '', '::1', '2015-12-01 10:30:53', 'Firefox39.0');
INSERT INTO `adminloginlogs` VALUES ('14', '1', '', '::1', '2015-12-01 15:10:10', 'Chrome41.0');
INSERT INTO `adminloginlogs` VALUES ('15', '1', '', '::1', '2015-12-01 15:30:01', 'Chrome41.0');
INSERT INTO `adminloginlogs` VALUES ('16', '1', '', '::1', '2015-12-01 15:30:04', 'Chrome41.0');
INSERT INTO `adminloginlogs` VALUES ('17', '1', '', '::1', '2015-12-01 15:56:55', 'Chrome41.0');
INSERT INTO `adminloginlogs` VALUES ('18', '1', '', '::1', '2015-12-02 09:09:12', 'Chrome41.0');
INSERT INTO `adminloginlogs` VALUES ('19', '1', '', '::1', '2015-12-02 09:11:31', 'Chrome41.0');
INSERT INTO `adminloginlogs` VALUES ('20', '1', '', '::1', '2015-12-02 09:36:57', 'Chrome41.0');
INSERT INTO `adminloginlogs` VALUES ('21', '1', '', '::1', '2015-12-02 09:59:26', 'Chrome41.0');
INSERT INTO `adminloginlogs` VALUES ('22', '1', '', '::1', '2015-12-02 21:31:26', 'Chrome41.0');
INSERT INTO `adminloginlogs` VALUES ('23', '1', '', '::1', '2015-12-02 21:32:32', 'Chrome41.0');
INSERT INTO `adminloginlogs` VALUES ('24', '1', '', '::1', '2015-12-03 13:23:08', 'Chrome41.0');
INSERT INTO `adminloginlogs` VALUES ('25', '5', '', '::1', '2015-12-03 14:04:27', 'Chrome41.0');
INSERT INTO `adminloginlogs` VALUES ('26', '1', '', '::1', '2015-12-03 14:05:15', 'Chrome41.0');
INSERT INTO `adminloginlogs` VALUES ('27', '5', '', '::1', '2015-12-03 14:14:26', 'Chrome41.0');
INSERT INTO `adminloginlogs` VALUES ('28', '1', '', '::1', '2015-12-03 14:25:01', 'Chrome41.0');
INSERT INTO `adminloginlogs` VALUES ('29', '5', '', '::1', '2015-12-03 14:25:38', 'Chrome41.0');
INSERT INTO `adminloginlogs` VALUES ('30', '1', '', '::1', '2015-12-03 14:27:26', 'Chrome41.0');
INSERT INTO `adminloginlogs` VALUES ('31', '1', '', '::1', '2015-12-03 14:33:20', 'Chrome41.0');
INSERT INTO `adminloginlogs` VALUES ('32', '7', '', '::1', '2015-12-03 15:02:23', 'Chrome41.0');
INSERT INTO `adminloginlogs` VALUES ('33', '1', '', '::1', '2015-12-03 15:05:22', 'Chrome41.0');
INSERT INTO `adminloginlogs` VALUES ('34', '1', '', '::1', '2015-12-03 15:06:02', 'Chrome41.0');
INSERT INTO `adminloginlogs` VALUES ('35', '7', '', '::1', '2015-12-03 15:06:18', 'Chrome41.0');
INSERT INTO `adminloginlogs` VALUES ('36', '1', '', '::1', '2015-12-03 15:23:08', 'Chrome41.0');
INSERT INTO `adminloginlogs` VALUES ('37', '1', '', '::1', '2015-12-03 15:49:55', 'Chrome41.0');
INSERT INTO `adminloginlogs` VALUES ('38', '1', '', '::1', '2015-12-03 15:49:56', 'Chrome41.0');
INSERT INTO `adminloginlogs` VALUES ('39', '1', '', '::1', '2015-12-03 17:10:38', 'Chrome41.0');
INSERT INTO `adminloginlogs` VALUES ('40', '1', '', '::1', '2015-12-03 17:10:39', 'Chrome41.0');
INSERT INTO `adminloginlogs` VALUES ('41', '1', '', '::1', '2015-12-03 21:23:38', 'Chrome41.0');

-- ----------------------------
-- Table structure for `adminoperations`
-- ----------------------------
DROP TABLE IF EXISTS `adminoperations`;
CREATE TABLE `adminoperations` (
  `Id` int(11) NOT NULL AUTO_INCREMENT,
  `AdminId` int(11) DEFAULT NULL,
  `AuthoryId` int(11) DEFAULT NULL,
  `Action` int(11) DEFAULT NULL,
  `Title` varchar(15) DEFAULT NULL,
  `Content` varchar(200) DEFAULT NULL,
  `OperateIP` varchar(50) DEFAULT NULL,
  `OperateAddress` varchar(50) DEFAULT NULL,
  `OperateInfo` varchar(50) DEFAULT NULL,
  `CreateTime` timestamp NOT NULL DEFAULT CURRENT_TIMESTAMP ON UPDATE CURRENT_TIMESTAMP,
  `IsSuperAdmin` tinyint(11) DEFAULT NULL,
  PRIMARY KEY (`Id`)
) ENGINE=InnoDB AUTO_INCREMENT=86 DEFAULT CHARSET=utf8;

-- ----------------------------
-- Records of adminoperations
-- ----------------------------
INSERT INTO `adminoperations` VALUES ('1', '0', '0', '1', '添加管理员', '添加管理员==18268932376==成功', '::1', '', 'Chrome43.0', '2015-11-25 16:29:02', '0');
INSERT INTO `adminoperations` VALUES ('2', '0', '0', '1', '修改管理员可登陆状态', '修改管理员可登陆状态成功', '::1', '', 'Chrome43.0', '2015-11-25 16:32:58', '0');
INSERT INTO `adminoperations` VALUES ('3', '0', '0', '1', '修改管理员可登陆状态', '修改管理员可登陆状态成功', '::1', '', 'Chrome43.0', '2015-11-25 16:34:27', '0');
INSERT INTO `adminoperations` VALUES ('4', '0', '0', '1', '修改管理员可登陆状态', '修改管理员可登陆状态成功', '::1', '', 'Chrome43.0', '2015-11-25 16:34:31', '0');
INSERT INTO `adminoperations` VALUES ('5', '0', '0', '1', '修改管理员', '修改管理员==18268932376==成功', '::1', '', 'Chrome43.0', '2015-11-25 16:36:33', '0');
INSERT INTO `adminoperations` VALUES ('6', '0', '0', '1', '修改管理员可登陆状态', '修改管理员可登陆状态成功', '::1', '', 'Chrome43.0', '2015-11-25 16:37:07', '0');
INSERT INTO `adminoperations` VALUES ('7', '0', '0', '1', '修改管理员可登陆状态', '修改管理员可登陆状态成功', '::1', '', 'Chrome43.0', '2015-11-25 16:37:43', '0');
INSERT INTO `adminoperations` VALUES ('8', '0', '0', '1', '添加管理员', '添加管理员==15823456789==成功', '::1', '', 'Chrome43.0', '2015-11-25 16:55:40', '0');
INSERT INTO `adminoperations` VALUES ('9', '0', '0', '1', '修改管理员可登陆状态', '修改管理员可登陆状态成功', '::1', '', 'Chrome43.0', '2015-11-25 16:55:46', '0');
INSERT INTO `adminoperations` VALUES ('10', '0', '0', '1', '删除管理员', '删除管理员成功', '::1', '', 'Chrome43.0', '2015-11-25 16:55:49', '0');
INSERT INTO `adminoperations` VALUES ('11', '0', '0', '1', '修改管理员可登陆状态', '修改管理员可登陆状态成功', '::1', '', 'Chrome43.0', '2015-11-25 16:55:53', '0');
INSERT INTO `adminoperations` VALUES ('12', '0', '0', '1', '修改管理员', '修改管理员==18888888888==成功', '::1', '', 'Chrome43.0', '2015-11-25 16:56:01', '0');
INSERT INTO `adminoperations` VALUES ('13', '0', '0', '1', '添加管理员', '添加管理员==15888888888==成功', '::1', '', 'Chrome43.0', '2015-11-25 16:59:51', '0');
INSERT INTO `adminoperations` VALUES ('14', '0', '0', '1', '重置管理员密码', '重置管理员==4==密码成功', '::1', '', 'Chrome43.0', '2015-11-25 17:09:37', '0');
INSERT INTO `adminoperations` VALUES ('15', '0', '0', '1', '重置管理员密码', '重置管理员==4==密码成功', '::1', '', 'Chrome43.0', '2015-11-25 17:10:08', '0');
INSERT INTO `adminoperations` VALUES ('16', '0', '0', '1', '添加页面', '添加页面==角色管理==成功', '::1', '', 'Chrome43.0', '2015-11-26 09:05:03', '0');
INSERT INTO `adminoperations` VALUES ('17', '0', '0', '1', '添加页面', '添加页面==页面管理==成功', '::1', '', 'Chrome43.0', '2015-11-26 09:05:24', '0');
INSERT INTO `adminoperations` VALUES ('18', '0', '0', '1', '添加页面按钮', '添加角色==添加==页面按钮成功', '::1', '', 'Chrome43.0', '2015-11-26 09:06:51', '0');
INSERT INTO `adminoperations` VALUES ('19', '0', '0', '1', '添加页面按钮', '添加角色==查看==页面按钮成功', '::1', '', 'Chrome43.0', '2015-11-26 09:07:19', '0');
INSERT INTO `adminoperations` VALUES ('20', '0', '0', '1', '添加页面按钮', '添加角色==修改==页面按钮成功', '::1', '', 'Chrome43.0', '2015-11-26 09:07:41', '0');
INSERT INTO `adminoperations` VALUES ('21', '0', '0', '1', '添加页面按钮', '添加角色==删除==页面按钮成功', '::1', '', 'Chrome43.0', '2015-11-26 09:07:58', '0');
INSERT INTO `adminoperations` VALUES ('22', '0', '0', '1', '添加页面按钮', '添加角色==搜索==页面按钮成功', '::1', '', 'Chrome43.0', '2015-11-26 09:08:28', '0');
INSERT INTO `adminoperations` VALUES ('23', '0', '0', '1', '修改页面按钮', '修改页面按钮==添加==成功', '::1', '', 'Chrome43.0', '2015-11-26 09:08:37', '0');
INSERT INTO `adminoperations` VALUES ('24', '0', '0', '1', '修改页面按钮', '修改页面按钮==修改==成功', '::1', '', 'Chrome43.0', '2015-11-26 09:08:43', '0');
INSERT INTO `adminoperations` VALUES ('25', '0', '0', '1', '修改页面按钮', '修改页面按钮==删除==成功', '::1', '', 'Chrome43.0', '2015-11-26 09:08:48', '0');
INSERT INTO `adminoperations` VALUES ('26', '0', '0', '1', '修改页面按钮', '修改页面按钮==搜索==成功', '::1', '', 'Chrome43.0', '2015-11-26 09:08:54', '0');
INSERT INTO `adminoperations` VALUES ('27', '0', '0', '1', '修改页面', '修改页面==人员管理==成功', '::1', '', 'Chrome43.0', '2015-11-26 09:22:34', '0');
INSERT INTO `adminoperations` VALUES ('28', '0', '0', '1', '编辑页面与页面按钮', '编辑页面与页面按钮成功', '::1', '', 'Chrome43.0', '2015-11-26 09:22:41', '0');
INSERT INTO `adminoperations` VALUES ('29', '0', '0', '1', '修改页面', '修改页面==角色管理==成功', '::1', '', 'Chrome43.0', '2015-11-26 09:25:12', '0');
INSERT INTO `adminoperations` VALUES ('30', '0', '0', '1', '编辑页面与页面按钮', '编辑页面与页面按钮成功', '::1', '', 'Chrome43.0', '2015-11-26 09:25:34', '0');
INSERT INTO `adminoperations` VALUES ('31', '0', '0', '1', '添加页面', '添加页面==管理员管理==成功', '::1', '', 'Chrome43.0', '2015-11-26 09:26:30', '0');
INSERT INTO `adminoperations` VALUES ('32', '0', '0', '1', '编辑页面与页面按钮', '编辑页面与页面按钮成功', '::1', '', 'Chrome43.0', '2015-11-26 09:27:16', '0');
INSERT INTO `adminoperations` VALUES ('33', '0', '0', '1', '修改页面', '修改页面==页面管理==成功', '::1', '', 'Chrome43.0', '2015-11-26 09:33:01', '0');
INSERT INTO `adminoperations` VALUES ('34', '0', '0', '1', '添加页面', '添加页面==页面按钮==成功', '::1', '', 'Chrome43.0', '2015-11-26 09:35:11', '0');
INSERT INTO `adminoperations` VALUES ('35', '0', '0', '1', '添加页面', '添加页面==页面列表管理==成功', '::1', '', 'Chrome43.0', '2015-11-26 09:36:31', '0');
INSERT INTO `adminoperations` VALUES ('36', '0', '0', '1', '修改页面', '修改页面==页面按钮管理==成功', '::1', '', 'Chrome43.0', '2015-11-26 09:36:41', '0');
INSERT INTO `adminoperations` VALUES ('37', '0', '0', '1', '编辑页面与页面按钮', '编辑页面与页面按钮成功', '::1', '', 'Chrome43.0', '2015-11-26 09:37:14', '0');
INSERT INTO `adminoperations` VALUES ('38', '0', '0', '1', '编辑页面与页面按钮', '编辑页面与页面按钮成功', '::1', '', 'Chrome43.0', '2015-11-26 09:37:45', '0');
INSERT INTO `adminoperations` VALUES ('39', '0', '0', '1', '编辑页面与页面按钮', '编辑页面与页面按钮成功', '::1', '', 'Chrome43.0', '2015-11-26 09:37:57', '0');
INSERT INTO `adminoperations` VALUES ('40', '1', '0', '1', '添加页面按钮', '添加角色==页面动作查看==页面按钮成功', '::1', '', 'Chrome43.0', '2015-12-01 09:53:49', '1');
INSERT INTO `adminoperations` VALUES ('41', '1', '0', '1', '添加页面按钮', '添加角色==页面动作编辑==页面按钮成功', '::1', '', 'Chrome43.0', '2015-12-01 09:54:15', '1');
INSERT INTO `adminoperations` VALUES ('42', '1', '0', '1', '修改页面按钮', '修改页面按钮==页面动作查看==成功', '::1', '', 'Chrome43.0', '2015-12-01 09:54:27', '1');
INSERT INTO `adminoperations` VALUES ('43', '1', '0', '1', '修改页面按钮', '修改页面按钮==页面动作编辑==成功', '::1', '', 'Chrome43.0', '2015-12-01 09:54:33', '1');
INSERT INTO `adminoperations` VALUES ('44', '1', '0', '1', '编辑页面与页面按钮', '编辑页面与页面按钮成功', '::1', '', 'Chrome43.0', '2015-12-01 09:54:44', '1');
INSERT INTO `adminoperations` VALUES ('45', '1', '0', '1', '编辑页面与页面按钮', '编辑页面与页面按钮成功', '::1', '', 'Chrome43.0', '2015-12-01 09:54:51', '1');
INSERT INTO `adminoperations` VALUES ('46', '1', '0', '1', '编辑页面与页面按钮', '编辑页面与页面按钮成功', '::1', '', 'Chrome43.0', '2015-12-01 09:54:56', '1');
INSERT INTO `adminoperations` VALUES ('47', '1', '0', '1', '编辑页面与页面按钮', '编辑页面与页面按钮成功', '::1', '', 'Chrome43.0', '2015-12-01 09:55:06', '1');
INSERT INTO `adminoperations` VALUES ('48', '1', '0', '1', '编辑页面与页面按钮', '编辑页面与页面按钮成功', '::1', '', 'Chrome43.0', '2015-12-01 09:55:12', '1');
INSERT INTO `adminoperations` VALUES ('49', '1', '0', '2', '编辑角色页面按钮', '编辑角色页面按钮成功', '::1', '', 'Chrome43.0', '2015-12-01 09:55:59', '1');
INSERT INTO `adminoperations` VALUES ('50', '1', '0', '2', '编辑管理员页面按钮', '编辑管理员页面按钮成功', '::1', '', 'Chrome43.0', '2015-12-01 09:56:11', '1');
INSERT INTO `adminoperations` VALUES ('51', '1', '0', '1', '重置管理员密码', '重置管理员==4==密码成功', '::1', '', 'Chrome43.0', '2015-12-01 09:57:08', '1');
INSERT INTO `adminoperations` VALUES ('52', '1', '0', '1', '重置管理员密码', '重置管理员==2==密码成功', '::1', '', 'Chrome43.0', '2015-12-01 09:57:15', '1');
INSERT INTO `adminoperations` VALUES ('53', '1', '0', '2', '编辑角色页面按钮', '编辑角色页面按钮成功', '::1', '', 'Chrome43.0', '2015-12-01 09:58:14', '1');
INSERT INTO `adminoperations` VALUES ('54', '1', '0', '2', '编辑角色页面按钮', '编辑角色页面按钮成功', '::1', '', 'Chrome43.0', '2015-12-01 10:07:18', '1');
INSERT INTO `adminoperations` VALUES ('55', '1', '0', '1', '添加角色', '添加角色==业务员==成功', '::1', '', 'Chrome41.0', '2015-12-01 15:59:12', '1');
INSERT INTO `adminoperations` VALUES ('64', '1', '0', '1', '修改管理员', '修改管理员==15888888888==成功', '::1', '', 'Chrome41.0', '2015-12-03 13:39:03', '1');
INSERT INTO `adminoperations` VALUES ('65', '1', '0', '1', '修改管理员', '修改管理员==15888888888==成功', '::1', '', 'Chrome41.0', '2015-12-03 13:47:20', '1');
INSERT INTO `adminoperations` VALUES ('66', '1', '0', '1', '编辑页面与页面按钮', '编辑页面与页面按钮成功', '::1', '', 'Chrome41.0', '2015-12-03 13:54:20', '1');
INSERT INTO `adminoperations` VALUES ('67', '1', '0', '1', '添加管理员', '添加管理员==22222222222==成功', '::1', '', 'Chrome41.0', '2015-12-03 14:01:25', '1');
INSERT INTO `adminoperations` VALUES ('68', '1', '0', '2', '编辑管理员页面按钮', '编辑管理员页面按钮成功', '::1', '', 'Chrome41.0', '2015-12-03 14:25:19', '1');
INSERT INTO `adminoperations` VALUES ('69', '1', '0', '2', '编辑角色页面按钮', '编辑角色页面按钮成功', '::1', '', 'Chrome41.0', '2015-12-03 14:27:49', '1');
INSERT INTO `adminoperations` VALUES ('70', '1', '0', '1', '添加管理员', '添加管理员==13616549754==成功', '::1', '', 'Chrome41.0', '2015-12-03 14:29:26', '1');
INSERT INTO `adminoperations` VALUES ('71', '1', '0', '1', '修改管理员可登陆状态', '修改管理员可登陆状态成功', '::1', '', 'Chrome41.0', '2015-12-03 14:30:07', '1');
INSERT INTO `adminoperations` VALUES ('72', '1', '0', '1', '修改管理员可登陆状态', '修改管理员可登陆状态成功', '::1', '', 'Chrome41.0', '2015-12-03 14:30:20', '1');
INSERT INTO `adminoperations` VALUES ('73', '1', '0', '2', '编辑管理员页面按钮', '编辑管理员页面按钮成功', '::1', '', 'Chrome41.0', '2015-12-03 14:31:42', '1');
INSERT INTO `adminoperations` VALUES ('74', '1', '0', '1', '删除管理员', '删除管理员成功', '::1', '', 'Chrome41.0', '2015-12-03 14:33:35', '1');
INSERT INTO `adminoperations` VALUES ('75', '1', '0', '1', '删除管理员', '删除管理员成功', '::1', '', 'Chrome41.0', '2015-12-03 14:33:40', '1');
INSERT INTO `adminoperations` VALUES ('76', '1', '0', '1', '添加管理员', '添加管理员==13616549754==成功', '::1', '', 'Chrome41.0', '2015-12-03 14:34:07', '1');
INSERT INTO `adminoperations` VALUES ('77', '1', '0', '2', '编辑角色页面按钮', '编辑角色页面按钮成功', '::1', '', 'Chrome41.0', '2015-12-03 14:34:43', '1');
INSERT INTO `adminoperations` VALUES ('78', '1', '0', '2', '编辑管理员页面按钮', '编辑管理员页面按钮成功', '::1', '', 'Chrome41.0', '2015-12-03 15:02:06', '1');
INSERT INTO `adminoperations` VALUES ('79', '1', '0', '2', '编辑管理员页面按钮', '编辑管理员页面按钮成功', '::1', '', 'Chrome41.0', '2015-12-03 15:05:42', '1');
INSERT INTO `adminoperations` VALUES ('80', '1', '0', '2', '编辑管理员页面按钮', '编辑管理员页面按钮成功', '::1', '', 'Chrome41.0', '2015-12-03 15:05:50', '1');
INSERT INTO `adminoperations` VALUES ('81', '7', '1', '2', '编辑角色页面按钮', '编辑角色页面按钮成功', '::1', '', 'Chrome41.0', '2015-12-03 15:17:27', '0');
INSERT INTO `adminoperations` VALUES ('82', '7', '1', '2', '编辑角色页面按钮', '编辑角色页面按钮成功', '::1', '', 'Chrome41.0', '2015-12-03 15:22:40', '0');
INSERT INTO `adminoperations` VALUES ('83', '1', '0', '2', '编辑管理员页面按钮', '编辑管理员页面按钮成功', '::1', '', 'Chrome41.0', '2015-12-03 15:23:17', '1');
INSERT INTO `adminoperations` VALUES ('84', '1', '0', '1', '编辑页面与页面按钮', '编辑页面与页面按钮成功', '::1', '', 'Chrome41.0', '2015-12-03 15:24:54', '1');
INSERT INTO `adminoperations` VALUES ('85', '1', '0', '2', '编辑管理员页面按钮', '编辑管理员页面按钮成功', '::1', '', 'Chrome41.0', '2015-12-03 17:13:48', '1');

-- ----------------------------
-- Table structure for `admins`
-- ----------------------------
DROP TABLE IF EXISTS `admins`;
CREATE TABLE `admins` (
  `Id` int(11) NOT NULL AUTO_INCREMENT,
  `AdminName` varchar(30) DEFAULT NULL,
  `Mobile` varchar(11) DEFAULT NULL,
  `Email` varchar(100) DEFAULT NULL,
  `Password` varchar(120) DEFAULT NULL,
  `Salt` varchar(10) DEFAULT NULL,
  `AuthoryId` int(11) DEFAULT NULL,
  `CreateTime` timestamp NOT NULL DEFAULT CURRENT_TIMESTAMP ON UPDATE CURRENT_TIMESTAMP,
  `IsSuperAdmin` tinyint(11) DEFAULT NULL,
  `LastLoginTime` timestamp NOT NULL DEFAULT '0000-00-00 00:00:00',
  `LastLoginAddress` varchar(50) DEFAULT NULL,
  `LastLoginInfo` varchar(50) DEFAULT NULL,
  `LastLoginIp` varchar(50) DEFAULT NULL,
  `IsLogin` tinyint(11) DEFAULT NULL,
  PRIMARY KEY (`Id`)
) ENGINE=InnoDB AUTO_INCREMENT=8 DEFAULT CHARSET=utf8;

-- ----------------------------
-- Records of admins
-- ----------------------------
INSERT INTO `admins` VALUES ('1', 'admin', null, null, '42C224B3C8899047460F5A6D1C041411', '1234567890', '0', '2015-12-03 21:23:38', '1', '2015-12-03 21:23:38', '', 'Chrome41.0', '::1', '1');
INSERT INTO `admins` VALUES ('2', null, '18888888888', null, 'D3B83FF9827448508C11D64129570F6B', '3089980620', '1', '2015-11-25 16:29:02', '0', '2015-12-01 10:05:24', '', 'Chrome43.0', '::1', '1');
INSERT INTO `admins` VALUES ('5', 'ceshi2', '22222222222', null, 'FCB12D43B6F3280B3691E71F94C437AB', '6280277414', '1', '2015-12-03 14:25:38', '0', '2015-12-03 14:25:38', '', 'Chrome41.0', '::1', '1');
INSERT INTO `admins` VALUES ('7', 'zuifengke', '13616549754', null, 'CA09D81D4CA764C8406B5EC0B19F785A', '2950870793', '1', '2015-12-03 15:06:18', '0', '2015-12-03 15:06:18', '', 'Chrome41.0', '::1', '1');

-- ----------------------------
-- Table structure for `admintopages`
-- ----------------------------
DROP TABLE IF EXISTS `admintopages`;
CREATE TABLE `admintopages` (
  `Id` int(11) NOT NULL AUTO_INCREMENT,
  `AdminId` int(11) DEFAULT NULL,
  `PageId` int(11) DEFAULT NULL,
  `ActionList` varchar(255) DEFAULT NULL,
  `IsShow` tinyint(11) DEFAULT NULL,
  `IsDelete` tinyint(11) DEFAULT NULL,
  PRIMARY KEY (`Id`)
) ENGINE=InnoDB AUTO_INCREMENT=22 DEFAULT CHARSET=utf8;

-- ----------------------------
-- Records of admintopages
-- ----------------------------
INSERT INTO `admintopages` VALUES ('1', '4', '1', '[{\"ActionId\":2,\"actionChecked\":1}]', '1', '0');
INSERT INTO `admintopages` VALUES ('2', '4', '2', '[{\"ActionId\":2,\"actionChecked\":1}]', '1', '0');
INSERT INTO `admintopages` VALUES ('3', '4', '4', '[{\"ActionId\":2,\"actionChecked\":1}]', '1', '0');
INSERT INTO `admintopages` VALUES ('7', '5', '1', '[{\"ActionId\":2,\"actionChecked\":1}]', '1', '0');
INSERT INTO `admintopages` VALUES ('8', '5', '2', '[{\"ActionId\":2,\"actionChecked\":1},{\"ActionId\":6,\"actionChecked\":1},{\"ActionId\":7,\"actionChecked\":1},{\"ActionId\":1,\"actionChecked\":1},{\"ActionId\":3,\"actionChecked\":1},{\"ActionId\":4,\"actionChecked\":1}]', '1', '0');
INSERT INTO `admintopages` VALUES ('9', '5', '4', '[{\"ActionId\":2,\"actionChecked\":1},{\"ActionId\":5,\"actionChecked\":0},{\"ActionId\":6,\"actionChecked\":0},{\"ActionId\":7,\"actionChecked\":0},{\"ActionId\":3,\"actionChecked\":0},{\"ActionId\":4,\"actionChecked\":0}]', '1', '0');
INSERT INTO `admintopages` VALUES ('13', '6', '1', '[{\"ActionId\":2,\"actionChecked\":1}]', '1', '0');
INSERT INTO `admintopages` VALUES ('14', '6', '2', '[{\"ActionId\":2,\"actionChecked\":0},{\"ActionId\":6,\"actionChecked\":0},{\"ActionId\":7,\"actionChecked\":0},{\"ActionId\":1,\"actionChecked\":0},{\"ActionId\":3,\"actionChecked\":0},{\"ActionId\":4,\"actionChecked\":0}]', '0', '0');
INSERT INTO `admintopages` VALUES ('15', '6', '4', '[{\"ActionId\":2,\"actionChecked\":0},{\"ActionId\":5,\"actionChecked\":0},{\"ActionId\":6,\"actionChecked\":0},{\"ActionId\":7,\"actionChecked\":0},{\"ActionId\":3,\"actionChecked\":0},{\"ActionId\":4,\"actionChecked\":0}]', '0', '0');
INSERT INTO `admintopages` VALUES ('19', '7', '1', '[{\"ActionId\":2,\"actionChecked\":1}]', '1', '0');
INSERT INTO `admintopages` VALUES ('20', '7', '2', '[{\"ActionId\":2,\"actionChecked\":1},{\"ActionId\":6,\"actionChecked\":1},{\"ActionId\":7,\"actionChecked\":1},{\"ActionId\":1,\"actionChecked\":1},{\"ActionId\":3,\"actionChecked\":1},{\"ActionId\":4,\"actionChecked\":1}]', '1', '0');
INSERT INTO `admintopages` VALUES ('21', '7', '4', '[{\"ActionId\":2,\"actionChecked\":1},{\"ActionId\":5,\"actionChecked\":1},{\"ActionId\":6,\"actionChecked\":1},{\"ActionId\":7,\"actionChecked\":1},{\"ActionId\":3,\"actionChecked\":1},{\"ActionId\":4,\"actionChecked\":1}]', '1', '0');

-- ----------------------------
-- Table structure for `authories`
-- ----------------------------
DROP TABLE IF EXISTS `authories`;
CREATE TABLE `authories` (
  `Id` int(11) NOT NULL AUTO_INCREMENT,
  `Name` varchar(15) DEFAULT NULL,
  `Intro` varchar(30) DEFAULT NULL,
  `State` tinyint(11) DEFAULT NULL,
  `OrderNum` int(11) DEFAULT NULL,
  PRIMARY KEY (`Id`)
) ENGINE=InnoDB AUTO_INCREMENT=3 DEFAULT CHARSET=utf8;

-- ----------------------------
-- Records of authories
-- ----------------------------
INSERT INTO `authories` VALUES ('1', '一品', '一品大官', '0', '1');
INSERT INTO `authories` VALUES ('2', '业务员', null, '0', '2');

-- ----------------------------
-- Table structure for `authorytopages`
-- ----------------------------
DROP TABLE IF EXISTS `authorytopages`;
CREATE TABLE `authorytopages` (
  `Id` int(11) NOT NULL AUTO_INCREMENT,
  `AuthoryId` int(11) DEFAULT NULL,
  `PageId` int(11) DEFAULT NULL,
  `ActionList` varchar(255) DEFAULT NULL,
  `IsShow` tinyint(11) DEFAULT NULL,
  `IsDelete` tinyint(11) DEFAULT NULL,
  PRIMARY KEY (`Id`)
) ENGINE=InnoDB AUTO_INCREMENT=7 DEFAULT CHARSET=utf8;

-- ----------------------------
-- Records of authorytopages
-- ----------------------------
INSERT INTO `authorytopages` VALUES ('1', '1', '1', '[{\"ActionId\":2,\"actionChecked\":1}]', '1', '0');
INSERT INTO `authorytopages` VALUES ('2', '1', '2', '[{\"ActionId\":2,\"actionChecked\":1},{\"ActionId\":6,\"actionChecked\":1},{\"ActionId\":7,\"actionChecked\":1},{\"ActionId\":1,\"actionChecked\":1},{\"ActionId\":3,\"actionChecked\":1},{\"ActionId\":4,\"actionChecked\":1}]', '1', '0');
INSERT INTO `authorytopages` VALUES ('3', '1', '4', '[{\"ActionId\":2,\"actionChecked\":1},{\"ActionId\":5,\"actionChecked\":1},{\"ActionId\":6,\"actionChecked\":1},{\"ActionId\":7,\"actionChecked\":1},{\"ActionId\":3,\"actionChecked\":1},{\"ActionId\":4,\"actionChecked\":1}]', '1', '0');
INSERT INTO `authorytopages` VALUES ('4', '1', '3', '[{\"ActionId\":2,\"actionChecked\":0}]', '0', '0');
INSERT INTO `authorytopages` VALUES ('5', '1', '5', '[{\"ActionId\":5,\"actionChecked\":0},{\"ActionId\":6,\"actionChecked\":0},{\"ActionId\":7,\"actionChecked\":0},{\"ActionId\":1,\"actionChecked\":0}]', '0', '0');
INSERT INTO `authorytopages` VALUES ('6', '1', '6', '[{\"ActionId\":2,\"actionChecked\":0},{\"ActionId\":5,\"actionChecked\":0},{\"ActionId\":6,\"actionChecked\":0},{\"ActionId\":7,\"actionChecked\":0},{\"ActionId\":1,\"actionChecked\":0},{\"ActionId\":3,\"actionChecked\":0}]', '0', '0');

-- ----------------------------
-- Table structure for `pageactions`
-- ----------------------------
DROP TABLE IF EXISTS `pageactions`;
CREATE TABLE `pageactions` (
  `Id` int(11) NOT NULL AUTO_INCREMENT,
  `Name` varchar(15) DEFAULT NULL,
  `ActionCode` varchar(35) DEFAULT NULL,
  `IsShow` tinyint(11) DEFAULT NULL,
  `ActionLevel` tinyint(11) DEFAULT NULL,
  PRIMARY KEY (`Id`)
) ENGINE=InnoDB AUTO_INCREMENT=8 DEFAULT CHARSET=utf8;

-- ----------------------------
-- Records of pageactions
-- ----------------------------
INSERT INTO `pageactions` VALUES ('1', '添加', 'AddRole', '1', '15');
INSERT INTO `pageactions` VALUES ('2', '查看', 'LookRole', '1', '5');
INSERT INTO `pageactions` VALUES ('3', '修改', 'UpdateRole', '1', '15');
INSERT INTO `pageactions` VALUES ('4', '删除', 'DeleteRole', '1', '15');
INSERT INTO `pageactions` VALUES ('5', '搜索', 'SearchRole', '1', '10');
INSERT INTO `pageactions` VALUES ('6', '页面动作查看', 'LookActionRole', '1', '10');
INSERT INTO `pageactions` VALUES ('7', '页面动作编辑', 'UpdateActionRole', '1', '10');

-- ----------------------------
-- Table structure for `pagemenus`
-- ----------------------------
DROP TABLE IF EXISTS `pagemenus`;
CREATE TABLE `pagemenus` (
  `Id` int(11) NOT NULL AUTO_INCREMENT,
  `PId` int(11) NOT NULL,
  `Name` varchar(15) DEFAULT NULL,
  `PageUrl` varchar(50) DEFAULT NULL,
  `IsShow` tinyint(1) NOT NULL DEFAULT '0',
  `OrderNum` int(4) NOT NULL,
  `Ico` varchar(30) DEFAULT NULL,
  PRIMARY KEY (`Id`)
) ENGINE=InnoDB AUTO_INCREMENT=7 DEFAULT CHARSET=utf8;

-- ----------------------------
-- Records of pagemenus
-- ----------------------------
INSERT INTO `pagemenus` VALUES ('1', '0', '人员管理', null, '1', '1', 'icon-user');
INSERT INTO `pagemenus` VALUES ('2', '1', '角色管理', 'Role/RoleList', '1', '1', 'icon-user');
INSERT INTO `pagemenus` VALUES ('3', '0', '页面管理', null, '1', '15', 'icon-book');
INSERT INTO `pagemenus` VALUES ('4', '1', '管理员管理', 'Admin/AdminList', '1', '2', 'icon-user');
INSERT INTO `pagemenus` VALUES ('5', '3', '页面按钮管理', 'PageAction/PageActionList', '1', '1', 'icon-plus');
INSERT INTO `pagemenus` VALUES ('6', '3', '页面列表管理', 'PageMenu/PageMenuList', '1', '2', 'icon-tags');

-- ----------------------------
-- Table structure for `__migrationhistory`
-- ----------------------------
DROP TABLE IF EXISTS `__migrationhistory`;
CREATE TABLE `__migrationhistory` (
  `MigrationId` varchar(150) NOT NULL DEFAULT '',
  `ContextKey` varchar(255) DEFAULT NULL,
  `Model` longblob,
  `ProductVersion` varchar(32) DEFAULT NULL,
  PRIMARY KEY (`MigrationId`)
) ENGINE=InnoDB DEFAULT CHARSET=utf8;

-- ----------------------------
-- Records of __migrationhistory
-- ----------------------------
INSERT INTO `__migrationhistory` VALUES ('201511221528135_AddDataBase', 'AuthorDesign.DAL.Migrations.Configuration', 0x1F8B0800000000000400ED5C5B6FDB36147E1FB0FF60F8B9B5E21405BAC069913ACD102C375449DF19897684E93691CAE2DFB687FDA4FD8591A22E2445DD685A710363C0D090E2777839E7E3E59CE3FFFEF977F1E525F027CF30415E149E4EE7B3A3E904864EE47AE1FA749AE2D5FB4FD32F9F7FFD65F1CD0D5E263F8AEF3ED0EF48CB109D4E9F308E4F2C0B394F30006816784E12A16885674E1458C08DACE3A3A3DFACF9DC8204624AB02693C5F734C45E00B33FC89FCB2874608C53E05F472EF4515E4E6AEC0C757203028862E0C0D3E9598A9FA2E41C226F1DCECECFAEA69333DF03A41F36F457D30908C308034C7A79F280A08D93285CDB312900FEFD2686E4BB15F011CC7B7F527DDE772047C7742056D5B080725284A36020E0FC433E3396DC5C6B7EA7E5CC91B9FB46E6186FE8A8B3F92353E750E0FBE80EACC904C8024F967E423F96A6385B9119DFF4DDA4FEC1BB5237880AD1FFDE4D96A98FD3049E8630C509205FDCA58FBEE7FC0137F7D19F303C0D53DFE7FB4B7A4CEA840252749744314CF0E63B5CE5A3B874A7134B6C67C90DCB665C1B36B6CB107F389E4E6E8870F0E8C3521DB879B07194C0DF61081380A17B0730864948316036A135E9922C3A45DDF2DA31D8745F79081738449389494E27D7E0E50A866BFC448CF08818E185F702DDA224C77E083D62C1A4114ED24E5197E81CFA10C342D0D70DFD776B7F1756A55AED0AE7065E7815ADB3FF0DD538BEED2BAB9CD0171DFDAB018CA58C99E0ADB5B1ECFD99EB2610A116A5FC6842272B819777E3C9BA273B5221ED9CCC36FB5B7BAE2EC35564B6F3C3ECEE36A63A93ED24C30DAF6C7C20FB11EC2B9BE18D994D633B8C7B0FFBB0456BE71F0D981C39EE6132BD2D628E8D6C6D4C89E1EE39241734123B16C332CE2F8A954A6049848388711855E930D48198BA8989FEB3F500694045AEA347AF9D32E606A47C0B80E7B7093142187700A1BFA3C46D13746C42900DFC36FA9B1B39D898D955B4294075D5B053F2776EF2BDAF1B75A02B80B0B9235B8936127F97F2C660F04A58FC9A8751BD4787AAE581ED777F0CFDE91E2EECA7E8EFAD7864A76F1F8C7E87AA3C6B7550F756591DE71A239714328AA48D9D8D1C9E6C321FBBD43E3DDAE5DB1E34718C43D6817A4D2A3F9DCDE2316490E6570D0F6AFFEA04CC166249BE6FD3672354BFBD3AE7C6079FA1BF2B8DBE8661AAA1CFB4D9419BDBD9775BEA1DC31CE85A3E246D6F2046EE8B066CE1367161729306DBCDE9A563F8F4D56E6CF44D1A784483848D9D194CF65EFD8215C6F780606E7F2817298E8961DB102B3CF0683AA93AC4C21766A287DEEA00E39D8A4A34D1FDDA07AEF4FB34E2716EA53E808D38FD9AB74C15FFACD005952DA6A7C629EE69BD30362D1D128FDC1D70D5514385C59F607A00518E6F8261DB86CA104A95AFC26D2C166F53C4E5580D81398B6B10C7C424B9409DBC6462B3289DE57B7B78004BC0302C0729E258CADE969208E993F149B5D4BBE4C20B2F41F81C60F008282B2CDDA0F699CAC01B66BA90A8B26179F7ABD6A06845FF5DE7141ABA249ABB8454CDE90519664076B26CC4B0EC9514CF536B9E454F011F248A9D7519F9691036EDCE6DAD8B9B0A8F5094F547E1EF2A3C125FDE1FADBA4B08E32A4BEB480B4B9A5B7919ADDA3A4AE7175939FAA98EC8D8DBE98E40EE1ACAD3DEBE71E5E4481661F9DAE3643A7195781A38E26BBEBA8765B50E367529AB61698D0E22F35CA831599D563F330F43434FB3BAFDB20DEEF8B1BD715427154DEB6801D80DB91A3382EA554A40AA8A8752B58AA687A0E471253C485ED41FA30C1BE151CAC2FE385C58088FC4150FC652728D5C37BC8735EB152A06CC1CE7C315268F2BDF2F223061FFBA663FAAB5B3A7839ABDB3E2FE584514060F5494F547C9A32C7890BC68C801B188A1108F8845697F241624C1A3B092D7E1413D1B6A3EB2F2A110E2B195AFE98F28C544F090529506A692DFEAB51AC8758E93AA7430E326C478DF78CECC35927B0AD1E4BC712F91A6CE39FB7919650FA8924D67656FF14A5B3EAD6DA7C2F92B9C86FA36B5DC8DEAD6F7EBA15B751E58207481150DD81A59DC80B037B2A23D538C8D1982139E56B5756464923378F838101DAF8FAFA2CFFC83FD56CACCBDED0FD7E4B6C6FB4A78BC23BFAE76AC7C6CB513FCF50A5B60157BA57CCCC9B3B5EA65FE203DC55337DD919FA1467763AB6DE9709749372B1C5B612BA7BAF01E54960EE88F239F3E9CF1DF816B3E48F993527AE98B947C8E8BDCFFD7FD8B01358720FB643A2113F3ECB9D419686F1086C18C7E30B3FFF297BE97BD29161F5C83D05B418459180CCD4EFB24FDECC0FEFC04808590EB2BFCA74DBF0320AED908F13C1E9DD9CE889DAD022833115B874F3E83C47902493D7EB242D649B0C75EB8E9EEA0668EBDC66AEE2AB97D27EB2C253A682D7453367BA85AF08F83D75B95BC6E1A99CF7B72C9CC6273A9EA3A5DD54D4C7F1BDC634227E530727D06DB0641C8FE569A030D651CA6B452B2B712F57838AB72DE3A932626FBEC8C3283E0BD33D9EB7A8E664F521898A6FD86EC95DD06DA36FAA18B2026422B8D673E1453487B56420EB71C39C959097B3C18964F6956F774F076678214B54D437590ABA72FF73BCCD5B19419CCDA3D6BCA6036C45BCA8465D3D0F17807903775F33170FAD8EBCB139F8EA06B6DBBBE82A95C503FAD4275ED8CC38F80422AAD99CD56489CDDCD72BE2D9630B1971E78C2585EEADBD02AF354514FFA542AC8700A32A21F8A2CCF1DA848DDCDF2D32AC8DD7674615EBFA42C4A33875833CA25A74D6A1198B3D53E3B2C45B29E68D5E0CB54B91DBA721F998F86DC891EE9885887A5EC49AB439C98FDD8951DA914286558F69158BD6E76275036CA2CBFE929B439C9B251444FE4E6E5E26B1BA5F45EAC220BB3393F5329A34AECEC27A07938627DB3B04DDF21F1399CAD099E2A59427A680F412CCBB32501B449489E3AAA62811EF9A1751FECC2E27FDB7DC1820F4A08FA4BEF21CCC6558116DFD0D78582CFC8E8F81E159FC84F6E10039790CF5982BD157030A976204259B2F80FE0A790BEA03D42F732BC4D719CE2338460F0E80BC9BE0BAB5D7E96042BF679711B672B636208A49B1E7DF7B90DBFA69EEF96FDBE501C221A20280FE77B36E9958DE9DEBDDE94483751D813289FBE7318C390EEF8F730887D02866E431B3C439DBE3D207805D7C0D914AEF46690EE8510A77D71EE81750202946354EDC99F4487DDE0E5F3FF4E7EFF44E2600000, '6.1.3-40302');
INSERT INTO `__migrationhistory` VALUES ('201511231446178_AddAdminIsLogin', 'AuthorDesign.DAL.Migrations.Configuration', 0x1F8B0800000000000400ED5CD96EDB38147D1F60FEC1F0731BC5290A7402A745EA340363B2A14AFACE48B4238CB611A94CFC6DF3309F34BF30A4A885A4A88DA21D37300A14319773B9DC7BB8DDABFFFEF977FEE525F027CF30415E149E4D6747C7D3090C9DC8F5C2F5D934C5ABF79FA65F3EFFFACBFC9B1BBC4C7E14E53ED072A46688CEA64F18C7A796859C2718007414784E12A168858F9C28B0801B5927C7C7BF59B3990509C494604D26F3EF6988BD00663FC8CF45143A30C629F0AF2317FA284F273976863AB90101443170E0D9F43CC54F51720191B70E8F2ECEAFA69373DF03A41D36F457D30908C308034C5A79FA80A08D93285CDB314900FEFD2686A4DC0AF808E6AD3FAD8AF7EDC8F109ED8855552CA09C14E128180838FB908F8C2557D71ADF69397264ECBE9131C61BDAEB6CFCC8D03914F83EBA036B3200B2C0D3859FD0C2D210673372C4577D37A9177857EA065121FAEFDD6491FA384DE05908539C0052E22E7DF43DE70FB8B98FFE84E15998FA3EDF5ED26292272490A4BB248A618237DFE12AEFC5D29D4E2CB19E25572CAB717558DF9621FE70329DDC10E1E0D187A53A70E360E32881BFC310260043F70E600C939062C06C406BD225597488BAE5B563B0E1BEF2102E70882613939C4EAEC1CB150CD7F88918E13131C24BEF05BA454A8EFD107AC48249259CA49DA296E802FA10C342D0D70DFDBBB5BD73AB52AD768573032FBC8AD6D97F43358EAFFBCA2A27B44547FF6A00BB52C64CF0686D2C5B7FEEBA0944A845293F9AD0C94AE0F26E77B2EEC98A5448BB20A3CD7E6B8FD5325C45661B3FCCEE6E63AA33D94A32DCF0CACA07B2EF9EEE72B08C18DA68906CBE366696A07118F71EF6618B0DCC3E1A3060B279C464B25AC49C185928D92CC3ED33522E68475C5B74CB385B29662A8125AD0EA2D961C4A7C377079AEB2626FA67EB76D4808A5C478F5E3B65CC0C48F91600CF6F13628430EE00427F4789DB26E8C484201BF86DF43733B24D32B3AA685380EAE062A7E4776EF2BD0F2F75A02B80B0B90D6089B623FE2EE5ED82C12B61F1B6452D5126686BC752BD6B90AAE661C5D8FE56F6A7BB4AB19FA2BF4771D1566F6318850F557956EBA0EEADB23AF646460E3AA417491BC31BD980D9643CB6A97D7AB4CBD73D68E22E366A07EA35A9FC74348B0B95419A5F553CA8FDAB13309B880529DFA6CF46A87EBC3AE7C6079FA1BF2D8DBE8661AAA1CFB4DA419BDBD9772CF5EEC21CE85C3E246DF728860E82A36DE1367161729306E3C674E918DE7DB51B1BBDD7061ED1206161670693DD79BF6085F13D2098DB1FCA458A7D62D836C40A9F00349D540D620E1547A2CF80D501C63F732AD1C407E13E70E5E34A231EF7D0D507B011A75FF596A1E2AF15BAA0B2C9F4D438C539AD17C6A6A541E296BB03AEDA6AA8B0F81D4C0F20CAF14D306CD9501942A9F2950390C53C800A4F21ABC155687E0DE2989824E73A94A74C6CE637B4786F0F77A9091886E52085674DD9DA5212217DD23F2997BE50B9F0D24B10BE00183C02CA0A0B37A815531978C348171255362CAF7ED51C14B5E8DF754EA1CE54A2B94B48D5985E926E066425CB7A0CCB56491E46B5EA993F17F041A2585917919F0661D3EADC56BB38A9F008455A7F14FEACC223F1E9FDD1AAB384D0AF32B58E34B7A4B195A7D1AACDA3B47F9195A39FEA888C3D4E770472D7509EF6FA8D3327FBD608D3D7EEB9D389ABC4D3C0115F04D42D2CB375B0E9B3B41A96E6E820B2D70F3526CBD36A67F64AD1D0D22C6FBF6C83DB7E8C378E6AA7A2691D2D00DB21D7BA7F4B6DEA84DC5730AFEABE4B40AA92872E02AA0560084AEEF5C283E449FD314AA7161EA54CEC8FC339ADF0485CF2602C258BC979C35B58E3052163C0C8712FCCC2E071E9FB4531269845975076CA23EC52A266EF2CB93F56E123C2031569FD51721F101E244F1AB2F52C3C3CC4CD6791DA1F89B970F0282CE5757850CF869A37C3BCA386B821E673FA234A1E1B3CA494A581A9E4B77AAE06729DE3A42C1DCCB809311E3647B9B785383D79E27EF1A599832E7759A3C99DBB3DE69ADA2FEDE771995DF14ADC90A5BDC5437779F9374E85F37B420DF56DAAB91DD5ADAFFB4397FCDCF54168024B1AB0C432CF06618D65497BA6181B3304275CFE6AEBC88E49CEE026E64074BC3EBE8A3EF34F0AA394997B7D18AEC96D95F795F0785783BADAB1F45DAB9DE051A0B00596B157CAC79EA146AB5EF662A5A778EAAA5B7A09A9D1DDAED5B674099049374BDCB5C256CFFEC2BD52993AA03D8EBCFB70767F535D7B25958B94D2CBD752E955749EBF50767F65A1F664C98A4C2764609E3D973E57DA1B846170440B1CD97FF90BDFCBEE268B02D720F4561061E6A84363F03E499F6AD89FCF265808B9BEE285B7E9DB09E29CEDC0E3C8A323DBE95334CAC5331331DAC1F31924CE1348EA1E9E15B2CE4709B0176EBA1BA8F95D028DD9DCD60701B632CF522886D644377D0120544DF8C7C1F3AD0AF8378DCC4777B96464B1B9F07E9DA6EA06F3BF0DEE698A9BD756CE9110B2D3BC3E1B8E4110E2E595A6451D37871980141EAF443D19CED0DC0BA2497395DF118DB28CF0A268B2D5F5A8D69E043330B0FD0DD93E3B59B46D1A864E82183AAE349ED9504C21505C0939DC72E4B07025ECC960583E085CDDD2C14BA70952D4360DD5A6B01EF0DD6F6358C752C67C6BB7AC29E6DB106F2943BC4D43C76681A5F0ED6D6CE0DFD461CCC02666AFCF737C0C87AED16EFB54A87A15FB6915AA6B811DBE9314E28FCDACD942B4F176A6F36DB1848925F9C013C68279DF865699A78A7AA4AC524186539011FD5084C66E4145EA2F3F3FAD82DC8DA30BF3FA25859E9ADAB29A502E39D6548BC09C51EBECB0B8D27A745AC3F3AAEA25A42B60943D1B91A3D523ED116BB014726A7588134346BB424A9502A5B0D43E12AB0BD7EEA8D3469965999E429B23531B45F4446E9E2E3EB7514AEFC92A42579B835A9532AA68D87E029ABB23E6370BDBF4ED121FF8DA1A15AB9225C4D4F610C442635BA2669B84E4F1B62A16E811545B7F169E5BFC27FAE7CC1FA284A01FEC0F61D6AF0AB428432F290A3E23BDE35B5414916FEE20062E219FF3047B2BE06092ED4084B208FB1FC04F21BD887B84EE32BC4D719CE2738460F0E80B11D273AB5D7E16392CB6797E1B673363A20BA4991EBD3EBA0DBFA69EEF96EDBE546C221A20280FE76B3669958DE9DABDDE94483751D813281FBE0B18C390AEF8F730887D02866E431B3C439DB63D207805D7C0D914AFFBCD20DD13210EFBFCC203EB040428C7A8EA939F4487DDE0E5F3FF0F9A7E1CA9620000, '6.1.3-40302');
INSERT INTO `__migrationhistory` VALUES ('201511240545234_AddAuthoryOrderNum', 'AuthorDesign.DAL.Migrations.Configuration', 0x1F8B0800000000000400ED5DDB6EDC36107D2FD07F10F639B16C070152639DC0B1E3C2A86FC8DA79A7257A2D54B78A94EBFDB63EF493FA0B25455D488ABA90E2AE37C6A240E1E5E5CC909C190EC919E5BF7FFE9D7F798942E719662848E2E3D9C1DEFECC81B197F841BC3C9EE5F8F1FDA7D997CFBFFE32FFE6472FCE8FAADD07DA8EF48CD1F1EC09E3F4C87591F7042380F6A2C0CB12943CE23D2F895CE027EEE1FEFE6FEEC1810B09C48C6039CEFC7B1EE32082C50FF2F334893D98E21C8457890F435496939A4581EA5C8308A21478F0787692E3A7243B832858C67B67279733E7240C00E16301C3C79903E238C100132E8FEE115CE02C89978B941480F06E9542D2EE11840896DC1F35CDC70E64FF900EC46D3A56505E8E701269021E7C2867C695BB1BCDEFAC9E393277DFC81CE3151D75317F64EA3C0A7C97DC8225990099E0D16998D1C6D214172BB2C7777DE7B41BBCAB65838810FDEF9D739A8738CFE0710C739C01D2E2367F0803EF0FB8BA4BFE84F1719C8721CF2FE198D40905A4E8364B5298E1D577F8588EE2C29F39AED8CF953BD6DDB83E6C6C1731FE703873AE0971F010C25A1CB87958E02483BFC318660043FF16600CB39862C062425BD4255A748A86E9F563B0E9BE0C10AE70882413959C3957E0E512C64BFC4494709F28E179F002FDAAA4C4BE8F03A2C1A413CEF2415217E80C8610C38AD0D715FDBB97DFB9DB8856BFC0F951105F26CBE27FBA12C7F77D659113783191BF16C0A684B1203C591A6BEE4F7C3F8308F508E5471B32D910BCB8DD1CAD3BB22355D4CEC86CB3DFC67375113F267699D7D3BB9B94CA4CB193E82B5EDD7967EC8797BB9E2C2B8A3619A458AF959D2D681AC65D8043D8A303071F2D2830711E3159AC1E328756364AB6CA70FD16A924B4215B5B0DCBBAB552AC54066BB3AA6566F50C9F89BDDB99B961C344FFEC75472D88C855F210F49B8C030B54BE452008FB88583118B700A1BF93CCEF23746883D002847DE6EFC08A9B646757313601AA83CB2227BF4B951F7D7869035D0284ED398035DA86EC774D6F1316BC2196AE9BD4052A08ADED586A760DD2F4DCED18EB77657FBAAB94C553F2F7245BB4D6DB1866C275459EF5DA897B2FAD01DFC8CA41878C22EBB3F0561CB005990F1DE9531C28321F66D779A4A3B6BA326C66BCF9BE3B79DE84BBB733E0360D389DCDEA5A464BF29B8E3BB17F7533CE16E294B4EF93672B1BC674712E950F3EC3705D127D05E3DC409E69B79D34F75BDFA9A67713EA40D7F23EEBBB8DB1749C9CAC0B268E8D8211CFB20FD7AF6CF4761C044482848D9D294C7173FE8215CA778F60A97FA824298E89612F20564416A099D330C4C232F6C4C80377008C7F2C55A289CFCA63E0EA279A4E3CEEB96C0C6027CEB8EE3D53C55F4E0C41158B19A871AAD3DE288C550F43A2CB3D00D7B81A2A2CDE831901446D7C170CDB36548A508B7C1346E4B238A22ADEC8ED08389A5F8134252AC905209525CE82451F9DBE5FE807E6440CC3F590223EA7E6B6A6448C3E199F544BDFB97C781E64089F010C1E00B50AA77ED46AA652F08E99AE28AA7458DEFD9A35A87AD1BFDB3685866489EA2E2135737A4E8619919DAC1831ACB992E2945ADD1D1A150642902976D6D324CCA3B86B77EEEB5D9D547884AA6C3C0A7F56E191F8F2F168CD594218575DDA469ABBD2DCCACBE8B6D651F25F64E118273AA2C59E263B827137109EFEFE9D2B2747E808CBD71FFF3388ABC433C011DF15D41CD6D526D8F4715B0D4B6B4C10D91B8A1A93D519F159BC7574705AD46D976E70EEC774E5683C1543EDE801588F716D47C9B4964EA87D05F56AEEBB04A4A6587713506D003A2865EC0C0F52168DC7A843637894BA703C0E17FAC22371C5DA584A2B26D7E973D8B20B4285C6CC71EFD4C2E471E5DB65626C58165383B2513BC22E255AFACE8AC7635591263C5055361EA58C24E141CA221DD7B38A13119DCFAA743C120B04E15158C9EBD841331DEA7686F9700FD121E66BC6234A711F3CA4546580A9B46FED5A03E4B68D93AA4C30D32EC4546F8DCA980D7179CAC2EDB297760EBADC658DA1EDDCEC31D796BFB49DC76576C52BD986A2EC2D1EBAEBCBBF69225CDE131A886F57CFF5886E7BDFD7DDF2CB000A810556A4B1C5B2F808618F65451ACE6AFD902078AA75E99689D8CA8EA914AE918DA56DC3E6D2A23BB43399BC3CBE8A3CF38F139384997BC7D097E4BECEDB6A3AF9A085B6D8B1F24D8B9D109BA0D00556B155C2C71EB4268B5EF1F6652678EAAE6B7A536999BB4D8B6D1D5C201BDDA270D302ABBFEF77F2E3C97E8CB7F93BEFD67BABDCA4A65EBFBB4AEFABF3F2AD73F8AB0FADC74FD664E69089790E7CFAF0B958210CA33DDA606FF157781A06C52D67D5E00AC4C123449885FCD09CC04FD2A723B6E7330E2E427EA8782BEEFA9683B8661B885D0AE8CC0E46274D0A162D484C0E157D0699F704B276AC68836CF291041CC4AB61060DBF9360B09AEBFA40C15AD6594A0D315AE8AE2F12C4AA05FFA8BDDEAA0F10D846E6B3CD7C32B3D8DEE7064C5835FDB8C0DBB03D5D79FCC6C23911420EBF37B786531084FC7DA56AD110503D0590D2F595A887FA169A7B8BB4A9AEF28BA4552B23BC4DDAE4BA9D653BD2C06826DABF21DD67278B3EA7417711C45476A5F21CE8620A89EB4A487DCD91D3D495B087DAB07C52BA9A53EDADD3865134560D9553D84E401FE718B6B19439E8C69C75E5A05BB25BCA9473DBD0A95D60299D7C1D0EFC9B3A8C597062B6FA3CC76783982AEDBA4F85AAF7B59F56A08636587D4F52C887B6B3670BD9CFA66221E709D91789B765696C6CEB3B5B632DB5F86D48957D73D3CEDB550A88BE19B3221F8A44DD358848FBF5E8A71590DB69E6C2BE7C4989B0B6DC5E1BC2A5BFA32938F126EDD57A59AEED5CB98E275AD56BCA50FA2A7B7A22C7B3073A22C6B09400EB0E9013135887125C9504A524D931149B4BDBE11CD84E9A759B9144BBF3643B498C44EE5E2EBEB693CAE8C5AA1269BB536C95349ADCDC7104BA8723D677135B8D1D129F86DB9BA3ABA22564F88E20C412757B7278BB8894D9BF2A2B3022C5B7FDB43C77F97F7660CE622A6A08FA8F10C4B01857035AB5A1171D953D23A3E339AA9AC8B77F10039F189F930C078FC0C3A4DA830815F9FE3F4098437A99F700FD8BF826C7698E4F1082D14328E46BCFDD7EFA451EB3C8F3FC262D56C6C610089B01BD82BA89BFE641E8D77C9F2B9C880E086A87CB3D9B70B5C074EF5EAE6AA4EB241E09544EDF194C614C77FC3B18A521014337F1023C4313DEEE11BC844BE0ADAA08816E90E18510A77D7E1680650622546234FDC94F22C37EF4F2F97F623EFE507D630000, '6.1.3-40302');
INSERT INTO `__migrationhistory` VALUES ('201511241058121_UpdateAdminOperation', 'AuthorDesign.DAL.Migrations.Configuration', 0x1F8B0800000000000400ED5C596F1B37107E2FD0FF20E839D15A0E02A4869CC091E3C2A82F4476DEE95D4A5E74AF2EB9AEF5DBFAD09FD4BF5072B907C9E51EA4285931840081C5E39B2139333C6666FFFBE7DFD9979730183DC314F971743A9E4E8EC62318B9B1E747ABD3718697EF3F8DBF7CFEF597D9372F7C19FD28DB7DA0ED48CF089D8E9F304E4E1C07B94F30046812FA6E1AA37889276E1C3AC08B9DE3A3A3DF9CE9D48104624CB046A3D9F72CC27E08F31FE4E73C8E5C98E00C04D7B107035494939A458E3ABA0121440970E1E9F82CC34F717A0E91BF8A26E76757E3D159E003C2C70206CBF10844518C01265C9E3C20B8C0691CAD16092900C1FD3A81A4DD12040816DC9FD4CD870EE4E8980EC4A93B96506E86701C6A024E3F1433E3C8DD8DE6775CCD1C99BB6F648EF19A8E3A9F3F32752E05BE8FEFC08A4C804CF0641EA4B4B134C5F98A4CF8AEEF46CD06EF2AD9202244FFBD1BCDB30067293C8D608653405ADC658F81EFFE01D7F7F19F303A8DB220E0F9251C933AA18014DDA5710253BCFE0E97C5282EBDF1C811FB3972C7AA1BD7878DED32C21F8EC7A31B421C3C06B012076E1E16384EE1EF308229C0D0BB0318C334A218309FD0067589169DA27E7ADD186CBAAF7C844B1C22C94425C7A36BF07205A3157E224A784494F0C27F815E5952603F443ED160D209A7592FA94B740E03886149E8EB9AFEDDC9EFCCA945AB5BE0BCD08FAEE255FE9FAEC4F17D5F59E4045E4CE4AF01B02B61CC096F2C8D15F7679E9742843A84F2A30D99AC095EDEED8ED63DD9914A6AE764B6D96FE3B9BA8C96B15DE6F5F4EE36A13293EF24FA8A57753E18FB1DE8573EC36B3B9BC66618F73E0E6087D44E3F5A503972DCC3647A3BC81C5BD9DA9810C3EDDB9082D08EAC63392CEBF645B15229AC0CA19661D433552616EA6098FA0D13FDB3F300694144AEE347BFDB644C2D50F916023FE82262C560DC0184FE8E53AF8BD0B10D420B107499BFA995838D9D5DC5D804A8AE1A8B8CFC2E547EF075A309740510B67764ABD07664BF2B7ABBB0E035B164DBA42E514E686B1749B3878BBAE761C7D8FE51F6A77BFC583CC57F6F648BB6FA7EC24CB8AEC8B35E0771EFA4D57336B272D121A348BB2CBC9503D882CC878EF4292E14A907D39B2CD4515B5D193633DE7CDF833CEFE2B87730E0360D389DCDF259464BF2EB8E07B17F7533CE16624EDA77C9B3950D6373712E940F3EC3605B127D0DA3CC409E69B78334775BDF4D4DEF2ED481AEE543DAF51A63E93AB9B12E981C6C148CB896CF70DDCA465FC7814F2448D8D899C2E42FE72F58A17C0F0816FA870A92E29818F60262452C001A8F6A865820C5448C15707AC078F7A6124D74040F81AB3C50AD789C836B08602BCEB0EE1D53C53F4EF441E58BE9AB71CADBDE208C750743E291BB07AE3E6AA8B0F813CC00206AE3DB60D8B6A152844AE4EBC01F8745FE9411424E4B88D0EC1A240951492E64A828192D58BCD0FCFD423F942664188E8B14113515B7152562F4C9F8A45AEAE7F2E0859F227C0E307804D42ACCBDB0D14CA5E02D335D5254E9B0BCFBD56B50F6A27F376D0A0DA212D55D42AAE7F4820C33243B593E62587125451635BAE7715C2000A962679DC74116466DBB7357EFF2A6C2239465C351F8BB0A8FC4970F47ABEF12C2B8AAD226D2CC91E6565E46A7B18ED2F945168E61A2235AECCD644730EE06C2D3DDBF75E5E4981A61F9BA23767A7195780638A25F41CD61556D824D9DDB6A585A6382C87C286A4C5667C467EEEB68E134AFDB2FDDE08E1F9B2B477D5231D48E0E80ED18576B4A50BF4A094875B1AEA95699691D9422C28507298A866354012C3C4A55381C870B50E191B8626D2CA5AD91EBF4396C68AF50A131739C3759983CAE7CBF0C810DFD3755FB9D6A3B7B3A68E83B2B1E8E55C683F04065D9709422DE8307298A740E8865348778442C4B8723B1700D1E8595BC8E1D34D3A1F6232B1F94211E5BF99AE1885274060F295519602AED5BB3D600B969E3A42A13CCA40D31D15BA322B2425C9EA270BFECA59DEB28F7A462683B777B19B5755EDACF4B2D7B88956C435EF616AFC6D513DD66225CBCE619886F5BCFED886E73DFD7DDF28B3007810556A4B1C5B22806618F65451A87D5EAB95F38A956A57B26626B3BA65278EC3596B61D9B4B8BC7A183C9E4E5F155E49977216C24CC9CB7415F92BB3AEFABE9E4430B9A62C7CA772D76420481421758C55E091F733B6D2C7AB987CA4CF0D45DB7E4F96898BB5D8B6D1502201BDDBC70D702ABBFEFB7F2E3CAE71877F72FD30DAFA8DCA4A25E7947252FE8ACF048F67F4DA1E1A2644DC6233231CFBE47DD938B35C2309CD00693C55FC13CF0F357CEB2C13588FC25449805E6D0CCBD4FD22719F6E7F3080E425EA0F0E8B67D23415CB31D4418F974667B6388360AE9CC496C1CD0F90C52F709A4CD88CE1AD9E4E303D88FD6FD0C1A7E7FC06035B795F8BF95759612388C16BA2DD33F522DF847EDF55625F6DB46E673C23C32B3D85E1ABF09ABA649FB6FC3F6D8904939B0DDDC826D822064C62BD5810657EA09AD9408AF443DD6B7AA9CFFD0A68AC95E44AB9641F027DAE4BA99BF3AD02868A6B0BF217D65B781AE8D5E7711C42471A5F24C753185947025A4BEE6C809E04AD8636D583EDD5BCDA9F67667C3281AAB86EA20D74CED1E76986B6229B3BB8D396BCBEEB664B794C9DCB6A113BBC052A2F6360EDD6FEA0265E110B3D777303ECFC25469B77D9353F9C47E5A81EADB60F54F9242A6B19D3D5BC82B36150B3903C7BE48BC2D4B63635B3FD81A6B49BB6F43AAEC9B9B6646AC5240F4CD9815F950A4C06E41449A1E9F9F5640EE363317F6E54B4A31B575ECB5215CFA3B9A821377A3BD5A2F7FB49985D6E256557940FA124399BB885CCF1EE98818C3526AA9D3434E4C0DED4B1D551294D24F8750AC1F5AFBB34B5B69566D06126DCF406D253110B97DB9F8DA562A8317AB4C516D4F5E55D2A8B35E8711681F8E58DF4E6C3D74487C826B67F6AB8A96903B3B80104B81EDC88E6D2352E4D5AAACC080E4D9A63B78E6F09FE09FB138880A827E903F82F9B86AD0B20D7DE828ED19191DCF51D9447EFD831878C4F89CA5D85F0217936A17229467D2FF004106E963DE23F42EA3DB0C27193E4308868F8190093D73BAE9E719C222CFB3DB245F191B43206CFAF409EA36FA9AF98157F17DA13844B440503B5CECD984AB05A67BF76A5D21DDC4D140A062FACE610223BAE3DFC330090818BA8D16E0199AF0F680E0155C01775D7AF5DB41FA17429CF6D9B90F562908518151F7273F890C7BE1CBE7FF0115235C7F89620000, '6.1.3-40302');
INSERT INTO `__migrationhistory` VALUES ('201511241100353_AddOperation', 'AuthorDesign.DAL.Migrations.Configuration', 0x1F8B0800000000000400ED5DDB6EDC36107D2FD07F10F639B16C0701D2609DC0B193C2A81D1B593BEFB444AF85EA569172BDDFD6877E527FA1A4A80B495117525C65632C0A145E4A3C3324670E6F33CA7FFFFCBBFCF81C85CE13CC5090C4278BA383C38503632FF183787DB2C8F1C3EB778B8F1F7EFD65F9D98F9E9DEFD57B6FE87BA4668C4E168F18A7EF5D17798F3002E8200ABC2C41C9033EF092C8057EE21E1F1EFEE61E1DB990402C0896E32CBFE5310E2258FC203FCF92D88329CE417895F83044653979B22A509DAF208228051E3C599CE6F831C9CE210AD6F1C1F9E9E5C2390D0340F458C1F061E180384E30C044CBF77708AE7096C4EB554A0A4078BB492179EF01840896DABF6F5E1FDB90C363DA10B7A958417939C249A40978F4A6EC1957AE6ED4BF8BBAE748DF7D267D8C37B4D545FF91AEF328F06D7203D6A4036481EFCFC28CBE2C75713122077CD5574EFB8557B56D1013A2FFBD72CEF210E7193C89618E3340DEB8C9EFC3C0FB036E6E933F617C12E761C8EB4B3426CF84025274932529CCF0E61B7C285B71E12F1C57ACE7CA15EB6A5C1DD6B68B18BF395E385F8970701FC2DA1CB87E58E12483BFC318660043FF06600CB39862C0A2435BD22559B48B86E5F563B0EEBE0C10AE70882513975C3857E0F912C66BFC489CF09038E197E019FA5549897D1707C48349259CE583A22ED0390C218695A04F1BFA77AFBE4BB731AD7E83F3A320BE4CD6C5FF742D8EAFFB834D4ED0C5C4FE5A007319632178B235D6DA9FFA7E0611EA31CAB7366CB2117871339FAC5B322355D2CE496FB3DFC67D75113F247695D7F3BBEB94DA4C3193E83B5E5D794FF633F857D1C39BA93017689593DF854A1A6CDE35FB4C53E636C021EC31FFA3B7167C97AC1B3119A71E31C756E648E60D70FB64540A9A8966AB6659272AC54865B066542D86D5E33C13AADB33DC30C3D13F7B57A2164CE42AB90FFA29E3C88294CF1108C23E215608E30620F47792F97D828E6D085A81B08FFE8EACAC90EC4C4FC614B0C599EE12206C6FED57A3CDC4DFB5BC3918BC11966E5BD4052A046D6D476A7602D2D4DCCF18DB5F13FF74A728ABC7E4EF495CB4D5831846E1BA26CF6AEDCDBD57D6C0DAC8CA4687B422EB63782B0BB015E90F1DEB536C28321F665FF348C76D756DD88CBCF9BA7B7B9E63B9B727709B044E7BB33A96D1B2FCA6E2DEEC7F388DB3813823EFF7D9B3950963BA3997CE079F60B82D8BBE82716E60CFB4DADE9AFBD9772AF5CEE10E742CEFB2BED3184BDBC9C9BE60B2B05128E2595EC3F53B1B3D1D0701B1206162670E539C9C3F6385F3DD2158FA1F2A458A6D62D82B8815410568E1340AB1888C0331E8C01D00E3EF499568E28DF218B8FA2AAB138FBB291B03D88933AE7A4F57F187134350C560066A9C6AB7370A63D3A390B8E41E806B961A2A2C7E05330288727C170C9B36548E509B7C1341E4B210A22AD4C8ED88355A5E8134252EC9C51E9525CE8A051E9DBD5EE9C7E4440CC3F5902234A7D6B69644489FB44F7A4AEFB97CF825C8103E0718DC03CA0A677ED47A4DE5E01D3D5D4954F9B03CFB356350D5A27FB73985466389EE2E21357DFA853433223359D162586B258528B5AA3B34200C842053CCAC6749984771D7ECDC57BBDAA9F00855D978147EAFC223F1E5E3D19ABD84D0AEBAB48DB474A5BE9587D16D8DA3B47E918D639CE9888C3DCD76047237309EFEFA9D232707E708C3D71FFA3388ABC433C011EF15D41AD68F4DB0E9E5B61A963E31416477286A4CF6CC48CFE2AEA343D3E2D96EF906B7FC98EE1CCD4AC5D03B7A00B643AED69CA0399512909A621D72E5AF0F4582E59FE892BF8AF87550CA98191EA42C1A8F5187C4F02875E1781C2EE48547E28AB5B194EC253FD3D7B0C507C2038D9EE3EEA785CEE3CA778B5A6C308A2991CCCA1FEC30A2C520AC783C561561C2035565E351CA08121EA42CD2597256F121E2A2B32A1D8FC40240781456F26398D5CC87E6E36929DE8387941E19602AF9ADFDD400B9CD71D22313CCB40B31D51BA33256431C9EB270B7F8D2CE06973BA431E4CE79B7B7B65660BBB94D6647BB123714652F71B35D1FFA4D33E1F27CD0C07CBB6A6EC774DBF3BEEE945F064E082AB0228D2996C54508732C2BD258ACD61708C24AB52EDD3113DBD8A14AE1F8D8D8DA66A64B8BCBA13D65F2F6F843EC99BF949864CCDCFD85BE25F755DE55EAE48315DA66C7CAE7363B212641E10BECC14E191FBBC89A6C7AC59D9799E1A9AB6EE92EA54577739B6D1D5420936E5138B7C1EACFFB9DFA78F23AC69BFFACBB75CF2ABF524BAFEF5BA57BD56579C739FCA187D6A5277B65E1908E790A7C7AE1B9DA200CA303FAC2C1EAAFF02C0C8A53CEEA852B10070F106116EA437301DF495F8BD89D2F37B808F9A1E28EB8EBF30DE298CD10B314D09E1D8C4A9A14245A88981C22FA0432EF1164ED18D106D9E4BB08388837C30A1A7E1AC16034B7F54D82AD8CB394126234D05D1F21885503FE567BBC55DF1CB08DCC6799F9A467B1BD2F0C98A86AFA3D8197C13D366C520E9537015125338E239B2E369CA28D90B7AF742D1AFAA9E700529ABE12F5589FA1B9BB489BEE2ADF485A6519E16ED2A6D6EDECDA9104A39960FF827C9FED2CFA160DBA8320A6B02B9DE748175348585742EA7B8E9C9EAE843DD686E593D1D59A6A4F9D3608D6D835B6CBD5CADC7363CDBA72CF2DF19632D5DC36746A17584A23DFC602FE456DC62C2C88767A3FC76781983AEDB67785AAFBB59FD6A0862658FD95A490076D67CE16B29E4DCD42CE0FB26F122F8B696C4CEB7BAEB19652FC32ACCA3EDDB4F3759506A24F6356EC4391A0BB051369DF1EFDB40672338D2EECDB9794006B6BD96BC3B8F467348526DEA4B95A2FBBB59D23D77145ABBA4D194A5B65574F647B764F5BC41496125FDD017162E2EA5062AB52A0941C3B466273683B9CFBDA29B37E67A4D0EEFCD84E112391BB878B7FDA2965F4605509B4DDA9B54A194D4EEE3801DDCD119F770BDB8C6D129F7EDB9B9BAB922564F68E10C412747B7277BB849459BF2A161891DADBBE5A5EBAFCBF34B06431153504FD77076258B4AB01ADDEA1071D159F91D6F11A55AFC8A77F10039F90CF69868307E061F2D883081579FEDF4198437A98770FFD8BF83AC7698E4F1182D17D28E4692FDD7EF945FEB2A8F3F23A2D46C64613889A013D82BA8E3FE541E8D77A7F512C223A20280F977336D16A85E9DCBDDED4485F93782450D97DE73085319DF16F619486040C5DC72BF0044D74BB43F012AE81B7A92204BA41860742ECF6E57900D619885089D1D4273F890DFBD1F387FF01A3D1688D70630000, '6.1.3-40302');
